keyword,target_domain
Best PTE tuition in Ahmedabad,eecglobal.com
Best SAT tuition in Visnagar,eecglobal.com
Best D-SAT classes in Vadodara,eecglobal.com
How to get admission for studying in USA,eecglobal.com
"Best Digital SAT tuition in Vallabh Vidyanagar, Anand",eecglobal.com
"Best IELTS coaching in Nikol, Ahmedabad",eecglobal.com
Best study abroad consultant for study in Singapore,eecglobal.com
Best D-SAT coaching in Mehsana,eecglobal.com
Best study abroad consultant for Romania,eecglobal.com
Best PTE tuition in Gujarat,eecglobal.com
Best PTE tuition in Vadodara,eecglobal.com
How to get visa for studying in New Zealand,eecglobal.com
Best study abroad consultant for Croatia,eecglobal.com
"Best DSAT coaching in Chandkheda, Ahmedabad",eecglobal.com
Best Education consultant for Denmark,eecglobal.com
Best TOEFL clasess in Surat,eecglobal.com
Best Education consultant for study in Switzerland,eecglobal.com
"Best IELTS tuition in Chandkheda, Ahmedabad",eecglobal.com
"Best TOEFL coaching in New Vip Road, Vadodara",eecglobal.com
Best D-SAT tuition in Visnagar,eecglobal.com
"Best Digital SAT classes in Ghatlodiya, Ahmedabad",eecglobal.com
"Best SAT classes in Vesu, Surat",eecglobal.com
"Best GRE coaching in Manjalpur, Vadodara",eecglobal.com
Best study abroad consultant for study in Croatia,eecglobal.com
Best Education consultant for Russia,eecglobal.com
Best study abroad consultant for study in Luxembourg,eecglobal.com
Best DSAT classes in Kalol,eecglobal.com
Best Education consultant for study in Latvia,eecglobal.com
Best Education consultant for USA,eecglobal.com
Best IELTS tuition in Himatnagar,eecglobal.com
How to get admission for studying in Spain,eecglobal.com
"Best GRE tuition in Mota Varachha, Surat",eecglobal.com
"Best TOEFL classes in Ghatlodiya, Ahmedabad",eecglobal.com
Best Digital SAT classes in Kalol,eecglobal.com
"Best GRE coaching in Bapunagar, Ahmedabad",eecglobal.com
Best Digital SAT classes in Vapi,eecglobal.com
Best GRE clases in Visnagar,eecglobal.com
"Best PTE tuition in Ghod Dod Road, Surat",eecglobal.com
"Best TOEFL coaching in Bapunagar, Ahmedabad",eecglobal.com
Best DSAT classes in Nadiad,eecglobal.com
"Best IELTS coaching in New Vip Road, Vadodara",eecglobal.com
"Best GRE classes in Katargam, Surat",eecglobal.com
Best Education consultant for Estonia,eecglobal.com
Best Education consultant for Iceland,eecglobal.com
Best GRE coaching in Anand,eecglobal.com
"Best IELTS coaching in Vesu, Surat",eecglobal.com
"Best IELTS tuition in Bapunagar, Ahmedabad",eecglobal.com
"Best TOEFL coaching in Nikol, Ahmedabad",eecglobal.com
"Best GRE classes in Maninagar, Ahmedabad",eecglobal.com
"Best DSAT coaching in Ghatlodiya, Ahmedabad",eecglobal.com
Best Education consultant for Latvia,eecglobal.com
How to get admission for studying in Italy,eecglobal.com
Best GRE coaching in Gujarat,eecglobal.com
"Best IELTS coaching in Alkapuri, Vadodara",eecglobal.com
Best DSAT coaching in Himatnagar,eecglobal.com
How to get admission for studying in Japan,eecglobal.com
Best DSAT classes in Visnagar,eecglobal.com
How to get admission for studying in Denmark,eecglobal.com
"Best IELTS classes in Katargam, Surat",eecglobal.com
Best Digital SAT classes in Gujarat,eecglobal.com
"Best DSAT classes in Chandkheda, Ahmedabad",eecglobal.com
"Best GRE tuition in Ghatlodiya, Ahmedabad",eecglobal.com
Best Education consultant for study in Ireland,eecglobal.com
Best D-SAT coaching in Vadodara,eecglobal.com
Best IELTS coaching in Visnagar,eecglobal.com
Best Education consultant for study in Bulgaria,eecglobal.com
"Best SAT classes in Memnagar, Ahmedabad",eecglobal.com
Best D-SAT classes in Visnagar,eecglobal.com
Best D-SAT tuition in Himatnagar,eecglobal.com
Best GRE coaching in India,eecglobal.com
Best Digital SAT coaching in Surat,eecglobal.com
Best IELTS classes in Himatnagar,eecglobal.com
Best Digital SAT coaching in Vapi,eecglobal.com
"Best GRE tuition in Naroda, Ahmedabad",eecglobal.com
Best IELTS classes in Vadodara,eecglobal.com
Best PTE classes in Kalol,eecglobal.com
Best GRE tuition in Kalol,eecglobal.com
"Best SAT classes in Katargam, Surat",eecglobal.com
Best SAT clasess in Vadodara,eecglobal.com
How to get visa for studying in Cyprus,eecglobal.com
Best Education consultant for Greece,eecglobal.com
"Best D-SAT tuition in Manjalpur, Vadodara",eecglobal.com
"Best PTE coaching in Chandkheda, Ahmedabad",eecglobal.com
"Best SAT tuition in Vesu, Surat",eecglobal.com
Best study abroad consultant for Denmark,eecglobal.com
Best D-SAT coaching in Ahmedabad,eecglobal.com
Best GRE coaching in Bharuch,eecglobal.com
Best DSAT coaching in Vadodara,eecglobal.com
"Best DSAT coaching in Alkapuri, Vadodara",eecglobal.com
Best GRE classes in Gujarat,eecglobal.com
"Best SAT tuition in New Vip Road, Vadodara",eecglobal.com
"Best PTE coaching in Naroda, Ahmedabad",eecglobal.com
How to get admission for studying in Estonia,eecglobal.com
Best Education consultant for study in Norway,eecglobal.com
"Best DSAT tuition in New Vip Road, Vadodara",eecglobal.com
"Best SAT coaching in Nizampura, Vadodara",eecglobal.com
Best educaton consultant for study in Lithuania,eecglobal.com
"Best GRE coaching in Parvat Patia, Surat",eecglobal.com
"Best DSAT tuition in Chandkheda, Ahmedabad",eecglobal.com
Best PTE classes in Vadodara,eecglobal.com
"Best Digital SAT tuition in New Vip Road, Vadodara",eecglobal.com
Best PTE coaching in Bharuch,eecglobal.com
"Best TOEFL tuition in Ghod Dod Road, Surat",eecglobal.com
Best IELTS coaching in Kalol,eecglobal.com
Best Education consultant for study in Singapore,eecglobal.com
How to get admission for studying in UAE,eecglobal.com
Best Digital SAT coching in Kalol,eecglobal.com
Best Education consultant for study in Austria,eecglobal.com
Best Digital SAT tuition in Gujarat,eecglobal.com
"Best GRE tuition in Vesu, Surat",eecglobal.com
"Best PTE coaching in Ghatlodiya, Ahmedabad",eecglobal.com
Best DSAT coaching in India,eecglobal.com
Best IELTS coaching in India,eecglobal.com
Best GRE coaching in Kalol,eecglobal.com
Best IELTS tuition in Visnagar,eecglobal.com
"Best TOEFL classes in Parvat Patia, Surat",eecglobal.com
"Best D-SAT coaching in Chandkheda, Ahmedabad",eecglobal.com
Best eduction consultant for study in Poland,eecglobal.com
"Best Digital SAT classes in Odhav, Ahmedabad",eecglobal.com
How to get admission for studying in Slovakia,eecglobal.com
Best study abroad consultant for study in Denmark,eecglobal.com
Best GRE classes in Bharuch,eecglobal.com
Best TOEFL coching in Navsari,eecglobal.com
"Best DSAT coaching in New Vip Road, Vadodara",eecglobal.com
"Best TOEFL classes in Bapunagar, Ahmedabad",eecglobal.com
Best Education consultant for Sweden,eecglobal.com
Best DSAT tuition in Himatnagar,eecglobal.com
"Best PTE tuition in Ghatlodiya, Ahmedabad",eecglobal.com
How to get admission for studying in Netherlands,eecglobal.com
Best DSAT coaching in Surat,eecglobal.com
"Best PTE coaching in Memnagar, Ahmedabad",eecglobal.com
How to get visa for studying in Portugal,eecglobal.com
"Best SAT tuition in Vallabh Vidyanagar, Anand",eecglobal.com
"Best D-SAT tuition in Bapunagar, Ahmedabad",eecglobal.com
How to get visa for studying in Iceland,eecglobal.com
Best GRE coaching in Nadiad,eecglobal.com
Best study abroad consultant for study in Malta,eecglobal.com
"Best PTE tuition in Nizampura, Vadodara",eecglobal.com
How to get admission for studying in Czech Republic,eecglobal.com
Best GRE coaching in Surat,eecglobal.com
Best D-SAT tuition in Ahmedabad,eecglobal.com
"Best IELTS tuition in Maninagar, Ahmedabad",eecglobal.com
"Best D-SAT coaching in Alkapuri, Vadodara",eecglobal.com
"Best DSAT tuition in Odhav, Ahmedabad",eecglobal.com
Best D-SAT coaching in Anand,eecglobal.com
Best D-SAT classes in Gujarat,eecglobal.com
Best TOEFL coaching in Bharuch,eecglobal.com
How to get admission for studying in New Zealand,eecglobal.com
"Best Digital SAT classes in Vallabh Vidyanagar, Anand",eecglobal.com
"Best TOEFL classes in Ghod Dod Road, Surat",eecglobal.com
"Best SAT tuition in Katargam, Surat",eecglobal.com
"Best IELTS coching in Parvat Patia, Surat",eecglobal.com
Best study abroad consultant for Slovenia,eecglobal.com
"Best SAT classes in Manjalpur, Vadodara",eecglobal.com
"Best GRE classes in Chandkheda, Ahmedabad",eecglobal.com
Best DSAT clasess in Anand,eecglobal.com
Best study abroad consultant for study in New Zealand,eecglobal.com
How to get visa for studying in Ireland,eecglobal.com
Best SAT classes in India,eecglobal.com
"Best D-SAT coaching in Odhav, Ahmedabad",eecglobal.com
Best DSAT classes in Bharuch,eecglobal.com
How to get admission for studying in Greece,eecglobal.com
"Best PTE clasess in Alkapuri, Vadodara",eecglobal.com
"Best D-SAT coaching in Vallabh Vidyanagar, Anand",eecglobal.com
"Best PTE coaching in Ghod Dod Road, Surat",eecglobal.com
"Best Digital SAT coaching in Mota Varachha, Surat",eecglobal.com
"Best IELTS coaching in Vallabh Vidyanagar, Anand",eecglobal.com
"Best TOEFL classes in Nizampura, Vadodara",eecglobal.com
Best Digital SAT classes in Nadiad,eecglobal.com
Best Education consultant for study in Malta,eecglobal.com
Best D-SAT coaching in Nadiad,eecglobal.com
"Best DSAT coaching in Parvat Patia, Surat",eecglobal.com
Best PTE tuition in Vapi,eecglobal.com
Best DSAT tuition in Nadiad,eecglobal.com
Best IELTS classes in Gujarat,eecglobal.com
Best IELTS coaching in Vadodara,eecglobal.com
"Best DSAT classes in Katargam, Surat",eecglobal.com
"Best DSAT tuition in Alkapuri, Vadodara",eecglobal.com
Best SAT classes in Kalol,eecglobal.com
How to get visa for studying in Norway,eecglobal.com
Best PTE tuition in Surat,eecglobal.com
Best Education consultant for Luxembourg,eecglobal.com
Best D-SAT classes in Surat,eecglobal.com
"Best GRE classes in Naroda, Ahmedabad",eecglobal.com
Best Education consultant for study in New Zealand,eecglobal.com
"Best D-SAT tuition in Katargam, Surat",eecglobal.com
Best Digital SAT classes in Visnagar,eecglobal.com
Best GRE coaching in Ahmedabad,eecglobal.com
"Best Digital SAT coaching in Parvat Patia, Surat",eecglobal.com
"Best GRE classes in Ghatlodiya, Ahmedabad",eecglobal.com
"Best SAT classes in Mota Varachha, Surat",eecglobal.com
How to get admission for studying in Portugal,eecglobal.com
"Best SAT tusion in Parvat Patia, Surat",eecglobal.com
"Best TOEFL tution in New Vip Road, Vadodara",eecglobal.com
Best PTE classes in Himatnagar,eecglobal.com
"Best SAT tuition in Bapunagar, Ahmedabad",eecglobal.com
Best Education consultant for study in Luxembourg,eecglobal.com
How to get visa for studyng in Canada,eecglobal.com
"Best Digital SAT classes in Alkapuri, Vadodara",eecglobal.com
"Best SAT coaching in Manjalpur, Vadodara",eecglobal.com
"Best TOEFL classes in Nikol, Ahmedabad",eecglobal.com
"Best IELTS tuition in New Vip Road, Vadodara",eecglobal.com
"Best IELTS coaching in Mota Varachha, Surat",eecglobal.com
Best GRE clases in Vapi,eecglobal.com
"Best IELTS coachin in Katargam, Surat",eecglobal.com
How to get admission for studying in Singapore,eecglobal.com
How to get admission for studying in United Kingdom,eecglobal.com
"Best SAT classes in Chandkheda, Ahmedabad",eecglobal.com
Best Digital SAT classes in Bharuch,eecglobal.com
"Best IELTS tuition in Ghatlodiya, Ahmedabad",eecglobal.com
Best IELTS tuition in Vadodara,eecglobal.com
"Best GRE coaching in Nizampura, Vadodara",eecglobal.com
"Best D-SAT classes in Memnagar, Ahmedabad",eecglobal.com
"Best DSAT classes in Ghatlodiya, Ahmedabad",eecglobal.com
Best study abroad consultant for Sweden,eecglobal.com
"Best DSAT coaching in Katargam, Surat",eecglobal.com
Best D-SAT classes in Ahmedabad,eecglobal.com
"Best PTE classes in Manjalpur, Vadodara",eecglobal.com
"Best Digital SAT classes in Ghod Dod Road, Surat",eecglobal.com
"Best IELTS tuition in Alkapuri, Vadodara",eecglobal.com
Best Education consultant for France,eecglobal.com
Best Education consultant for South Korea,eecglobal.com
Best DSAT tuition in Navsari,eecglobal.com
Best TOEFL tuition in India,eecglobal.com
"Best GRE coaching in Chandkheda, Ahmedabad",eecglobal.com
Best Education consultant for Croatia,eecglobal.com
Best Education consaltant for Germany,eecglobal.com
"Best D-SAT tuition in Chandkheda, Ahmedabad",eecglobal.com
Best Education consultant for Italy,eecglobal.com
"Best TOEFL tuition in Nizampura, Vadodara",eecglobal.com
"Best TOEFL coaching in Manjalpur, Vadodara",eecglobal.com
Best Education consultant for study in Netherlands,eecglobal.com
"Best GRE classes in Vesu, Surat",eecglobal.com
Best SAT coaching in Surat,eecglobal.com
Best Education consultant for study in France,eecglobal.com
Best GRE classes in Mehsana,eecglobal.com
Best TOEFL tuition in Navsari,eecglobal.com
"Best D-SAT classes in Naroda, Ahmedabad",eecglobal.com
"Best DSAT tuition in Nizampura, Vadodara",eecglobal.com
Best DSAT coaching in Mehsana,eecglobal.com
"Best GRE classes in Ghod Dod Road, Surat",eecglobal.com
Best study abroad consultant for Russia,eecglobal.com
Best study abroad consultant for study in Germany,eecglobal.com
"Best Digital SAT classes in Mota Varachha, Surat",eecglobal.com
Best study abroad consultant for Latvia,eecglobal.com
Best Digital SAT coaching in Himatnagar,eecglobal.com
Best study abroad consultant for Finland,eecglobal.com
"Best D-SAT tution in Ghatlodiya, Ahmedabad",eecglobal.com
"Best Digital SAT coaching in Ghod Dod Road, Surat",eecglobal.com
How to get visa for studying in Netherlands,eecglobal.com
"Best D-SAT classes in Bapunagar, Ahmedabad",eecglobal.com
How to get visa for studying in Belgium,eecglobal.com
"Best IELTS coaching in Manjalpur, Vadodara",eecglobal.com
"Best TOEFL tuition in Mota Varachha, Surat",eecglobal.com
How to get visa for studying in Bulgaria,eecglobal.com
Best GRE tution in Bharuch,eecglobal.com
Best study abroad consultant for study in USA,eecglobal.com
Best study abroad consultant for Australia,eecglobal.com
"Best DSAT coaching in Naroda, Ahmedabad",eecglobal.com
"Best IELTS coaching in Naroda, Ahmedabad",eecglobal.com
"Best TOEFL classes in Maninagar, Ahmedabad",eecglobal.com
Best TOEFL coaching in Vapi,eecglobal.com
"Best SAT coaching in New Vip Road, Vadodara",eecglobal.com
"Best GRE tuition in Katargam, Surat",eecglobal.com
Best study abroad consultant for Belgium,eecglobal.com
"Best GRE coaching in Mota Varachha, Surat",eecglobal.com
How to get visa for studying in Denmark,eecglobal.com
"Best IELTS coaching in Ghod Dod Road, Surat",eecglobal.com
How to get visa for studing in Czech Republic,eecglobal.com
How to get admission for studing in South Korea,eecglobal.com
Best Digital SAT classes in India,eecglobal.com
Best SAT classes in Visnagar,eecglobal.com
"Best PTE classes in Nikol, Ahmedabad",eecglobal.com
Best study abroad consultant for USA,eecglobal.com
"Best GRE classes in Nikol, Ahmedabad",eecglobal.com
"Best TOEFL coaching in Nizampura, Vadodara",eecglobal.com
Best PTE coaching in Surat,eecglobal.com
Best TOEFL classes in Anand,eecglobal.com
"Best Digital SAT coaching in Nikol, Ahmedabad",eecglobal.com
"Best DSAT classes in Memnagar, Ahmedabad",eecglobal.com
"Best GRE coachin in Nikol, Ahmedabad",eecglobal.com
Best Digital SAT coaching in Nadiad,eecglobal.com
Best PTE coaching in Gujarat,eecglobal.com
Best IELTS coaching in Ahmedabad,eecglobal.com
"Best IELTS tuition in Memnagar, Ahmedabad",eecglobal.com
"Best IELTS classes in Parvat Patia, Surat",eecglobal.com
Best TOEFL coaching in Gujarat,eecglobal.com
Best study abroad consultant for Estonia,eecglobal.com
"Best D-SAT coaching in New Vip Road, Vadodara",eecglobal.com
Best DSAT coachin in Visnagar,eecglobal.com
"Best SAT coaching in Parvat Patia, Surat",eecglobal.com
Best TOEFL coaching in Himatnagar,eecglobal.com
Best SAT tuition in Anand,eecglobal.com
Best SAT classes in Surat,eecglobal.com
Best Digital SAT tuition in Nadiad,eecglobal.com
Best GRE classes in Anand,eecglobal.com
Best DSAT classes in Gujarat,eecglobal.com
Best SAT classes in Anand,eecglobal.com
"Best Digital SAT classes in Chandkheda, Ahmedabad",eecglobal.com
Best study abroad consultant for study in Bulgaria,eecglobal.com
"Best D-SAT classes in Alkapuri, Vadodara",eecglobal.com
"Best Digital SAT classes in Naroda, Ahmedabad",eecglobal.com
"Best Digital SAT coaching in Chandkheda, Ahmedabad",eecglobal.com
Best TOEFL classes in Vapi,eecglobal.com
"Best TOEFL coaching in Parvat Patia, Surat",eecglobal.com
Best GRE tuition in Surat,eecglobal.com
"Best PTE tuition in Manjalpur, Vadodara",eecglobal.com
"Best GRE coaching in Maninagar, Ahmedabad",eecglobal.com
How to get visa for studying in Sweden,eecglobal.com
Best DSAT tuition in Anand,eecglobal.com
Best IELTS coaching in Gujarat,eecglobal.com
How to get visa for studying in Greece,eecglobal.com
"Best GRE tuition in Parvat Patia, Surat",eecglobal.com
"Best TOEFL tuition in Naroda, Ahmedabad",eecglobal.com
"Best SAT tuition in Naroda, Ahmedabad",eecglobal.com
Best TOEFL coaching in Visnagar,eecglobal.com
Best study aboad consultant for Poland,eecglobal.com
Best study abroad consultant for study in Portugal,eecglobal.com
"Best DSAT tuition in Mota Varachha, Surat",eecglobal.com
Best Education consultant for Singapore,eecglobal.com
Best GRE tuition in Gujarat,eecglobal.com
"Best Digital SAT coaching in Maninagar, Ahmedabad",eecglobal.com
Best SAT clases in Bharuch,eecglobal.com
"Best GRE coaching in Odhav, Ahmedabad",eecglobal.com
Best SAT tuition in Ahmedabad,eecglobal.com
"Best TOEFL coaching in Ghod Dod Road, Surat",eecglobal.com
Best TOEFL tusion in Anand,eecglobal.com
"Best D-SAT tuition in Maninagar, Ahmedabad",eecglobal.com
Best Digital SAT coaching in Gujarat,eecglobal.com
"Best IELTS coaching in Bapunagar, Ahmedabad",eecglobal.com
"Best IELTS tuition in Mota Varachha, Surat",eecglobal.com
Best IELTS coachin in Vapi,eecglobal.com
How to get admission for studying in Germany,eecglobal.com
"Best SAT coaching in Odhav, Ahmedabad",eecglobal.com
Best Education consultant for study in Finland,eecglobal.com
"Best Digital SAT coaching in Manjalpur, Vadodara",eecglobal.com
Best PTE coaching in India,eecglobal.com
Best study abroad consultant for Greece,eecglobal.com
Best D-SAT coaching in Kalol,eecglobal.com
"Best DSAT tuition in Nikol, Ahmedabad",eecglobal.com
"Best PTE coaching in Mota Varachha, Surat",eecglobal.com
Best PTE coaching in Navsari,eecglobal.com
Best SAT classes in Ahmedabad,eecglobal.com
"Best Digital SAT coaching in Naroda, Ahmedabad",eecglobal.com
"Best D-SAT coaching in Naroda, Ahmedabad",eecglobal.com
Best IELTS tuition in Navsari,eecglobal.com
Best study abroad consultant for Japan,eecglobal.com
Best PTE coaching in Kalol,eecglobal.com
"Best DSAT tuition in Vallabh Vidyanagar, Anand",eecglobal.com
How to get admission for studying in Cyprus,eecglobal.com
"Best SAT tuition in Memnagar, Ahmedabad",eecglobal.com
Best D-SAT classes in Anand,eecglobal.com
"Best PTE classes in Bapunagar, Ahmedabad",eecglobal.com
Best PTE tuition in Nadiad,eecglobal.com
Best TOEFL coaching in Vadodara,eecglobal.com
"Best TOEFL tuition in Alkapuri, Vadodara",eecglobal.com
Best study abroad consultant for study in United Kingdom,eecglobal.com
"Best TOEFL tuition in Memnagar, Ahmedabad",eecglobal.com
Best PTE classes in Vapi,eecglobal.com
Best DSAT tuition in Vapi,eecglobal.com
"Best TOEFL coaching in Chandkheda, Ahmedabad",eecglobal.com
Best SAT coaching in Bharuch,eecglobal.com
"Best IELTS classes in Ghatlodiya, Ahmedabad",eecglobal.com
"Best Digital SAT tuition in Nikol, Ahmedabad",eecglobal.com
Best TOEFL tuition in Himatnagar,eecglobal.com
Best D-SAT coaching in Navsari,eecglobal.com
"Best D-SAT classes in Nizampura, Vadodara",eecglobal.com
Best study abroad consultant for study in Spain,eecglobal.com
"Best D-SAT classes in Vesu, Surat",eecglobal.com
"Best GRE classes in Nizampura, Vadodara",eecglobal.com
Best GRE coaching in Visnagar,eecglobal.com
Best D-SAT coachin in Bharuch,eecglobal.com
How to get admission for studying in Slovenia,eecglobal.com
"Best Digital SAT tuition in Memnagar, Ahmedabad",eecglobal.com
Best PTE tuition in Anand,eecglobal.com
Best Digital SAT coaching in Navsari,eecglobal.com
"Best IELTS classes in Nizampura, Vadodara",eecglobal.com
Best study abroad consultant for study in Norway,eecglobal.com
"Best GRE classes in Parvat Patia, Surat",eecglobal.com
Best PTE tuition in Mehsana,eecglobal.com
Best GRE tuition in Vapi,eecglobal.com
Best DSAT clases in India,eecglobal.com
"Best DSAT coaching in Manjalpur, Vadodara",eecglobal.com
How to get admission for studying in Belgium,eecglobal.com
Best study abroad consultant for Lithuania,eecglobal.com
"Best SAT coaching in Mota Varachha, Surat",eecglobal.com
Best DSAT tuition in Ahmedabad,eecglobal.com
"Best PTE coaching in Vallabh Vidyanagar, Anand",eecglobal.com
How to get visa for studying in Luxembourg,eecglobal.com
"Best GRE coaching in Ghatlodiya, Ahmedabad",eecglobal.com
Best GRE classes in Surat,eecglobal.com
"Best GRE tuition in Odhav, Ahmedabad",eecglobal.com
Best PTE classes in Bharuch,eecglobal.com
Best PTE classes in Navsari,eecglobal.com
"Best DSAT clases in Odhav, Ahmedabad",eecglobal.com
Best SAT tuition in Gujarat,eecglobal.com
"Best SAT coaching in Memnagar, Ahmedabad",eecglobal.com
Best DSAT tuition in Kalol,eecglobal.com
Best study abrod consultant for Singapore,eecglobal.com
"Best IELTS classes in Manjalpur, Vadodara",eecglobal.com
Best GRE classes in Kalol,eecglobal.com
"Best SAT tuition in Alkapuri, Vadodara",eecglobal.com
Best TOEFL classes in Mehsana,eecglobal.com
Best study abroad consultant for study in Czech Republic,eecglobal.com
Best GRE classes in Himatnagar,eecglobal.com
"Best Digital SAT tuition in Ghatlodiya, Ahmedabad",eecglobal.com
Best DSAT classes in Navsari,eecglobal.com
Best GRE tuition in Mehsana,eecglobal.com
How to get visa for studing in Finland,eecglobal.com
Best TOEFL coaching in Ahmedabad,eecglobal.com
Best IELTS classes in Anand,eecglobal.com
Best study abroad consultant for study in Estonia,eecglobal.com
"Best D-SAT classes in Chandkheda, Ahmedabad",eecglobal.com
Best DSAT tuition in Mehsana,eecglobal.com
"Best TOEFL coaching in Ghatlodiya, Ahmedabad",eecglobal.com
Best GRE classes in Vadodara,eecglobal.com
"Best Digital SAT coaching in Vallabh Vidyanagar, Anand",eecglobal.com
How to get admission for studying in Romania,eecglobal.com
Best IELTS classes in Ahmedabad,eecglobal.com
"Best D-SAT coaching in Nikol, Ahmedabad",eecglobal.com
Best study abroad consultant for Canada,eecglobal.com
Best D-SAT tuition in Vapi,eecglobal.com
"Best PTE classes in Vesu, Surat",eecglobal.com
"Best Digital SAT tuition in Maninagar, Ahmedabad",eecglobal.com
Best D-SAT tuition in Kalol,eecglobal.com
"Best TOEFL tuition in Maninagar, Ahmedabad",eecglobal.com
"Best GRE classes in Odhav, Ahmedabad",eecglobal.com
How to get admission for studying in Australia,eecglobal.com
"Best IELTS tuition in Nizampura, Vadodara",eecglobal.com
"Best PTE classes in Ghod Dod Road, Surat",eecglobal.com
Best Education consultant for UAE,eecglobal.com
Best study abroad consultant for France,eecglobal.com
"Best TOEFL classes in New Vip Road, Vadodara",eecglobal.com
Best DSAT tuition in Bharuch,eecglobal.com
"Best SAT classes in New Vip Road, Vadodara",eecglobal.com
How to get admission for studying in France,eecglobal.com
"Best Digital SAT clasess in Maninagar, Ahmedabad",eecglobal.com
Best DSAT classes in Mehsana,eecglobal.com
Best Digital SAT classes in Anand,eecglobal.com
"Best IELTS classes in Naroda, Ahmedabad",eecglobal.com
"Best SAT classes in Alkapuri, Vadodara",eecglobal.com
"Best Digital SAT clases in Katargam, Surat",eecglobal.com
"Best Digital SAT tuition in Mota Varachha, Surat",eecglobal.com
Best Education consultant for New Zealand,eecglobal.com
Best IELTS tuition in Gujarat,eecglobal.com
"Best TOEFL coaching in Vallabh Vidyanagar, Anand",eecglobal.com
Best GRE tuition in Himatnagar,eecglobal.com
"Best PTE classes in New Vip Road, Vadodara",eecglobal.com
"Best TOEFL tuition in Ghatlodiya, Ahmedabad",eecglobal.com
"Best Digital SAT tution in Ghod Dod Road, Surat",eecglobal.com
Best TOEFL coaching in Surat,eecglobal.com
Best GRE tuition in Vadodara,eecglobal.com
Best Education consultant for Czech Republic,eecglobal.com
Best TOEFL tution in Nadiad,eecglobal.com
How to get admission for studying in Malta,eecglobal.com
"Best SAT tuition in Chandkheda, Ahmedabad",eecglobal.com
Best IELTS tuition in Mehsana,eecglobal.com
Best GRE classes in India,eecglobal.com
Best SAT coaching in Himatnagar,eecglobal.com
"Best GRE classes in Mota Varachha, Surat",eecglobal.com
Best GRE tuition in India,eecglobal.com
Best SAT classes in Vapi,eecglobal.com
Best Digital SAT tuition in Ahmedabad,eecglobal.com
Best IELTS coaching in Surat,eecglobal.com
How to get admission for studying in Bulgaria,eecglobal.com
"Best Digital SAT classes in New Vip Road, Vadodara",eecglobal.com
Best Education consultant for Slovakia,eecglobal.com
How to get admission for studying in Ireland,eecglobal.com
"Best TOEFL classes in Alkapuri, Vadodara",eecglobal.com
"Best GRE coaching in Ghod Dod Road, Surat",eecglobal.com
"Best Digital SAT coaching in Odhav, Ahmedabad",eecglobal.com
Best GRE classes in Navsari,eecglobal.com
"Best IELTS classes in Vallabh Vidyanagar, Anand",eecglobal.com
Best D-SAT classes in Nadiad,eecglobal.com
Best study abroad consultant for Norway,eecglobal.com
"Best DSAT coaching in Vallabh Vidyanagar, Anand",eecglobal.com
Best D-SAT classes in Kalol,eecglobal.com
Best TOEFL clasess in Gujarat,eecglobal.com
Best TOEFL clasess in Visnagar,eecglobal.com
"Best GRE tuition in Vallabh Vidyanagar, Anand",eecglobal.com
Best Digital SAT coaching in Bharuch,eecglobal.com
Best study abroad consultant for study in Latvia,eecglobal.com
"Best PTE coaching in Odhav, Ahmedabad",eecglobal.com
"Best D-SAT coaching in Katargam, Surat",eecglobal.com
Best study abroad consultant for Switzerland,eecglobal.com
"Best SAT classes in Nizampura, Vadodara",eecglobal.com
Best SAT tution in Vapi,eecglobal.com
Best TOEFL classes in Himatnagar,eecglobal.com
Best educaton consultant for study in Japan,eecglobal.com
Best DSAT coaching in Vapi,eecglobal.com
"Best TOEFL coaching in Naroda, Ahmedabad",eecglobal.com
"Best IELTS tusion in Manjalpur, Vadodara",eecglobal.com
Best Digital SAT classes in Ahmedabad,eecglobal.com
"Best IELTS coaching in Memnagar, Ahmedabad",eecglobal.com
"Best GRE tuition in Alkapuri, Vadodara",eecglobal.com
Best DSAT coaching in Bharuch,eecglobal.com
"Best Digital SAT coaching in Bapunagar, Ahmedabad",eecglobal.com
"Best PTE coaching in Bapunagar, Ahmedabad",eecglobal.com
"Best Digital SAT tuition in Odhav, Ahmedabad",eecglobal.com
How to get admission for studying in Croatia,eecglobal.com
Best IELTS coaching in Navsari,eecglobal.com
Best study abroad consultant for study in Switzerland,eecglobal.com
Best Digital SAT tuition in Vapi,eecglobal.com
Best Digital SAT tuition in Visnagar,eecglobal.com
Best D-SAT clases in Vapi,eecglobal.com
Best Education consultant for study in Slovenia,eecglobal.com
Best D-SAT tuition in Mehsana,eecglobal.com
Best study abroad consultant for Malta,eecglobal.com
Best GRE coaching in Navsari,eecglobal.com
"Best D-SAT classes in Ghod Dod Road, Surat",eecglobal.com
"Best D-SAT classes in Mota Varachha, Surat",eecglobal.com
"Best IELTS classes in Vesu, Surat",eecglobal.com
Best study abroad consultant for study in Japan,eecglobal.com
How to get admission for studying in Latvia,eecglobal.com
Best DSAT tuition in Visnagar,eecglobal.com
How to get visa for studying in Hungary,eecglobal.com
How to get admission for studying in Poland,eecglobal.com
"Best DSAT classes in Mota Varachha, Surat",eecglobal.com
Best Education consultant for study in Italy,eecglobal.com
Best SAT tuition in Vadodara,eecglobal.com
"Best TOEFL classes in Katargam, Surat",eecglobal.com
"Best DSAT tuition in Maninagar, Ahmedabad",eecglobal.com
"Best DSAT classes in Parvat Patia, Surat",eecglobal.com
Best PTE coaching in Ahmedabad,eecglobal.com
Best SAT tuition in Mehsana,eecglobal.com
How to get visa for studying in Germany,eecglobal.com
Best D-SAT tuition in Gujarat,eecglobal.com
Best SAT classes in Gujarat,eecglobal.com
"Best PTE tuition in Parvat Patia, Surat",eecglobal.com
"Best Digital SAT classes in Nikol, Ahmedabad",eecglobal.com
Best study abroad consultant for Portugal,eecglobal.com
How to get visa for studying in United Kingdom,eecglobal.com
Best educaton consultant for study in Croatia,eecglobal.com
"Best DSAT tuition in Ghatlodiya, Ahmedabad",eecglobal.com
"Best IELTS classes in Maninagar, Ahmedabad",eecglobal.com
"Best GRE classes in Memnagar, Ahmedabad",eecglobal.com
"Best Digital SAT tuition in Chandkheda, Ahmedabad",eecglobal.com
Best SAT coaching in India,eecglobal.com
How to get visa for studying in Australia,eecglobal.com
Best Digital SAT coaching in Mehsana,eecglobal.com
Best Education consultant for study in Estonia,eecglobal.com
Best Education consultant for study in Iceland,eecglobal.com
"Best SAT coaching in Katargam, Surat",eecglobal.com
Best Education consultant for Belgium,eecglobal.com
Best DSAT coaching in Ahmedabad,eecglobal.com
Best D-SAT classes in Mehsana,eecglobal.com
Best SAT coaching in Kalol,eecglobal.com
Best SAT coaching in Vadodara,eecglobal.com
Best Education consultant for Poland,eecglobal.com
"Best PTE tuition in Chandkheda, Ahmedabad",eecglobal.com
Best study abroad consultant for Bulgaria,eecglobal.com
Best study abroad consultant for study in Greece,eecglobal.com
Best PTE coaching in Vadodara,eecglobal.com
"Best GRE coaching in New Vip Road, Vadodara",eecglobal.com
Best study abroad consultant for study in Poland,eecglobal.com
How to get admission for studying in Austria,eecglobal.com
Best Digital SAT coaching in Vadodara,eecglobal.com
"Best Digital SAT classes in Vesu, Surat",eecglobal.com
"Best DSAT coaching in Bapunagar, Ahmedabad",eecglobal.com
"Best D-SAT tuition in Vallabh Vidyanagar, Anand",eecglobal.com
"Best SAT classes in Naroda, Ahmedabad",eecglobal.com
Best Education consultant for Austria,eecglobal.com
Best study abroad consultant for study in Sweden,eecglobal.com
Best SAT coaching in Navsari,eecglobal.com
Best D-SAT coaching in Vapi,eecglobal.com
Best GRE coaching in Vapi,eecglobal.com
"Best PTE coaching in Vesu, Surat",eecglobal.com
Best IELTS tuition in Nadiad,eecglobal.com
Best D-SAT tuition in Surat,eecglobal.com
"Best D-SAT tuition in Vesu, Surat",eecglobal.com
"Best TOEFL tuition in Katargam, Surat",eecglobal.com
Best TOEFL classes in Kalol,eecglobal.com
"Best Digital SAT coaching in Katargam, Surat",eecglobal.com
Best Education consultant for Romania,eecglobal.com
How to get visa for studying in Switzerland,eecglobal.com
Best Education consultant for study in Portugal,eecglobal.com
Best Digital SAT classes in Navsari,eecglobal.com
Best Education consultant for Canada,eecglobal.com
Best IELTS tuition in Surat,eecglobal.com
"Best TOEFL tuition in Parvat Patia, Surat",eecglobal.com
"Best PTE tuition in Maninagar, Ahmedabad",eecglobal.com
"Best TOEFL coaching in Katargam, Surat",eecglobal.com
Best D-SAT coaching in Gujarat,eecglobal.com
How to get visa for studying in Latvia,eecglobal.com
"Best D-SAT coaching in Bapunagar, Ahmedabad",eecglobal.com
Best PTE classes in Surat,eecglobal.com
Best D-SAT tuition in Anand,eecglobal.com
"Best GRE classes in New Vip Road, Vadodara",eecglobal.com
"Best SAT classes in Odhav, Ahmedabad",eecglobal.com
Best Education consultant for study in Sweden,eecglobal.com
"Best SAT tuition in Mota Varachha, Surat",eecglobal.com
"Best Digital SAT coaching in Nizampura, Vadodara",eecglobal.com
Best DSAT coaching in Navsari,eecglobal.com
"Best IELTS coaching in Maninagar, Ahmedabad",eecglobal.com
Best Education consultant for Hungary,eecglobal.com
How to get visa for studing in Japan,eecglobal.com
Best SAT tuition in Kalol,eecglobal.com
Best Digital SAT classes in Surat,eecglobal.com
Best Digital SAT tuition in Kalol,eecglobal.com
Best Education consultant for Portugal,eecglobal.com
"Best PTE classes in Memnagar, Ahmedabad",eecglobal.com
Best study abroad consultant for South Korea,eecglobal.com
"Best IELTS classes in Bapunagar, Ahmedabad",eecglobal.com
Best TOEFL clasess in India,eecglobal.com
"Best DSAT tuition in Katargam, Surat",eecglobal.com
"Best SAT coaching in Naroda, Ahmedabad",eecglobal.com
"Best GRE tution in Nikol, Ahmedabad",eecglobal.com
"Best PTE classes in Mota Varachha, Surat",eecglobal.com
"Best IELTS coching in Nizampura, Vadodara",eecglobal.com
How to get admission for studying in Sweden,eecglobal.com
"Best PTE coaching in Katargam, Surat",eecglobal.com
"Best TOEFL tuition in Chandkheda, Ahmedabad",eecglobal.com
"Best GRE tuition in Bapunagar, Ahmedabad",eecglobal.com
"Best D-SAT coaching in Vesu, Surat",eecglobal.com
Best Digital SAT tuition in Navsari,eecglobal.com
Best IELTS coaching in Bharuch,eecglobal.com
Best Digital SAT classes in Vadodara,eecglobal.com
"Best SAT tuition in Ghatlodiya, Ahmedabad",eecglobal.com
Best Digital SAT coaching in India,eecglobal.com
Best study abroad consultant for study in Slovakia,eecglobal.com
"Best IELTS classes in Alkapuri, Vadodara",eecglobal.com
"Best DSAT classes in Maninagar, Ahmedabad",eecglobal.com
Best DSAT tuition in Surat,eecglobal.com
Best SAT coaching in Gujarat,eecglobal.com
Best IELTS tuition in Bharuch,eecglobal.com
Best TOEFL coaching in Mehsana,eecglobal.com
How to get visa for studying in Austria,eecglobal.com
Best SAT tuition in Surat,eecglobal.com
Best PTE coaching in Anand,eecglobal.com
How to get visa for studying in Slovenia,eecglobal.com
"Best SAT classes in Ghod Dod Road, Surat",eecglobal.com
"Best SAT coaching in Ghatlodiya, Ahmedabad",eecglobal.com
Best D-SAT tuition in Navsari,eecglobal.com
"Best Digital SAT classes in Memnagar, Ahmedabad",eecglobal.com
Best study abroad consultant for Netherlands,eecglobal.com
How to get visa for studying in South Korea,eecglobal.com
Best Education consultant for study in USA,eecglobal.com
How to get admission for studying in Norway,eecglobal.com
"Best IELTS clases in Memnagar, Ahmedabad",eecglobal.com
Best IELTS coaching in Nadiad,eecglobal.com
"Best D-SAT tusion in Nikol, Ahmedabad",eecglobal.com
"Best SAT tuition in Nizampura, Vadodara",eecglobal.com
Best SAT coaching in Mehsana,eecglobal.com
Best TOEFL tuition in Vapi,eecglobal.com
"Best Digital SAT coaching in New Vip Road, Vadodara",eecglobal.com
Best study abroad consultant for study in Lithuania,eecglobal.com
Best IELTS tuition in Anand,eecglobal.com
Best SAT tuition in India,eecglobal.com
Best eduction consultant for study in United Kingdom,eecglobal.com
"Best PTE tuition in Bapunagar, Ahmedabad",eecglobal.com
Best TOEFL coaching in Nadiad,eecglobal.com
"Best PTE tuition in Vallabh Vidyanagar, Anand",eecglobal.com
Best IELTS coaching in Mehsana,eecglobal.com
Best GRE tuition in Nadiad,eecglobal.com
Best PTE classes in India,eecglobal.com
Best study abroad consultant for Germany,eecglobal.com
How to get visa for studying in Italy,eecglobal.com
Best Education consultant for study in Hungary,eecglobal.com
Best PTE classes in Gujarat,eecglobal.com
"Best SAT coaching in Chandkheda, Ahmedabad",eecglobal.com
Best Education consultant for study in Romania,eecglobal.com
"Best IELTS tuition in Nikol, Ahmedabad",eecglobal.com
How to get visa for studying in UAE,eecglobal.com
Best IELTS coaching in Himatnagar,eecglobal.com
Best Education consultant for study in Spain,eecglobal.com
Best study abroad consultant for study in Italy,eecglobal.com
"Best GRE tuition in New Vip Road, Vadodara",eecglobal.com
Best IELTS classes in Visnagar,eecglobal.com
Best Education consultant for study in South Korea,eecglobal.com
"Best TOEFL tuition in Nikol, Ahmedabad",eecglobal.com
Best Digital SAT tuition in Surat,eecglobal.com
Best study abroad consultant for study in Finland,eecglobal.com
How to get visa for studying in Singapore,eecglobal.com
Best TOEFL classes in Vadodara,eecglobal.com
"Best IELTS clases in Odhav, Ahmedabad",eecglobal.com
Best Education consultant for study in Russia,eecglobal.com
Best TOEFL coaching in India,eecglobal.com
Best Digital SAT tuition in Bharuch,eecglobal.com
Best study abroad consultant for study in Netherlands,eecglobal.com
Best study abroad consultant for study in Iceland,eecglobal.com
Best PTE classes in Mehsana,eecglobal.com
"Best Digital SAT coaching in Vesu, Surat",eecglobal.com
Best D-SAT classes in Bharuch,eecglobal.com
Best Education consultant for Slovenia,eecglobal.com
"Best GRE classes in Alkapuri, Vadodara",eecglobal.com
Best TOEFL tuition in Surat,eecglobal.com
Best study abroad consultant for study in Austria,eecglobal.com
"Best GRE coaching in Vesu, Surat",eecglobal.com
Best TOEFL classes in Nadiad,eecglobal.com
"Best DSAT tuition in Vesu, Surat",eecglobal.com
Best Digital SAT tuition in Mehsana,eecglobal.com
"Best Digital SAT tuition in Manjalpur, Vadodara",eecglobal.com
Best DSAT coaching in Anand,eecglobal.com
"Best PTE coaching in Alkapuri, Vadodara",eecglobal.com
Best study abroad consultant for study in UAE,eecglobal.com
"Best DSAT classes in New Vip Road, Vadodara",eecglobal.com
"Best D-SAT coaching in Parvat Patia, Surat",eecglobal.com
Best study abroad consultant for Luxembourg,eecglobal.com
"Best PTE classes in Naroda, Ahmedabad",eecglobal.com
Best Education consultant for study in Belgium,eecglobal.com
Best Education consultant for Spain,eecglobal.com
"Best SAT classes in Vallabh Vidyanagar, Anand",eecglobal.com
"Best GRE tuition in Maninagar, Ahmedabad",eecglobal.com
"Best Digital SAT classes in Manjalpur, Vadodara",eecglobal.com
Best GRE tusion in Navsari,eecglobal.com
Best Education consultant for Norway,eecglobal.com
"Best PTE coaching in New Vip Road, Vadodara",eecglobal.com
"Best D-SAT tuition in Memnagar, Ahmedabad",eecglobal.com
"Best DSAT classes in Vallabh Vidyanagar, Anand",eecglobal.com
"Best GRE tuition in Chandkheda, Ahmedabad",eecglobal.com
"Best SAT coaching in Maninagar, Ahmedabad",eecglobal.com
"Best PTE classes in Odhav, Ahmedabad",eecglobal.com
Best DSAT tuition in Vadodara,eecglobal.com
"Best IELTS tuition in Vesu, Surat",eecglobal.com
Best study abroad consultant for UAE,eecglobal.com
"Best TOEFL classes in Mota Varachha, Surat",eecglobal.com
Best Education consultant for Cyprus,eecglobal.com
Best SAT tuition in Nadiad,eecglobal.com
Best TOEFL classes in Ahmedabad,eecglobal.com
"Best TOEFL clasess in Vallabh Vidyanagar, Anand",eecglobal.com
Best TOEFL tuition in Visnagar,eecglobal.com
"Best SAT classes in Nikol, Ahmedabad",eecglobal.com
"Best D-SAT tusion in New Vip Road, Vadodara",eecglobal.com
"Best TOEFL tusion in Vallabh Vidyanagar, Anand",eecglobal.com
How to get admission for studying in Canada,eecglobal.com
"Best PTE tuition in Naroda, Ahmedabad",eecglobal.com
Best SAT coaching in Nadiad,eecglobal.com
Best study abroad consultant for study in South Korea,eecglobal.com
Best SAT classes in Navsari,eecglobal.com
"Best Digital SAT classes in Parvat Patia, Surat",eecglobal.com
Best study abroad consaltant for study in Romania,eecglobal.com
Best TOEFL coaching in Anand,eecglobal.com
Best PTE coaching in Vapi,eecglobal.com
How to get admission for studying in Finland,eecglobal.com
Best TOEFL tuition in Gujarat,eecglobal.com
How to get visa for studying in Spain,eecglobal.com
Best GRE tuition in Anand,eecglobal.com
Best GRE coachin in Vadodara,eecglobal.com
"Best Digital SAT coaching in Memnagar, Ahmedabad",eecglobal.com
Best PTE tuition in Visnagar,eecglobal.com
Best GRE coaching in Himatnagar,eecglobal.com
"Best TOEFL classes in Naroda, Ahmedabad",eecglobal.com
Best PTE coaching in Mehsana,eecglobal.com
"Best PTE classes in Chandkheda, Ahmedabad",eecglobal.com
"Best IELTS coaching in Ghatlodiya, Ahmedabad",eecglobal.com
Best Education consultant for study in UAE,eecglobal.com
"Best Digital SAT tuition in Parvat Patia, Surat",eecglobal.com
"Best DSAT tuition in Memnagar, Ahmedabad",eecglobal.com
"Best SAT classes in Ghatlodiya, Ahmedabad",eecglobal.com
Best study abroad consultant for study in Australia,eecglobal.com
Best IELTS classes in India,eecglobal.com
How to get visa for studyng in Poland,eecglobal.com
Best SAT coaching in Visnagar,eecglobal.com
Best SAT tuition in Navsari,eecglobal.com
Best SAT coaching in Vapi,eecglobal.com
"Best TOEFL tuition in Manjalpur, Vadodara",eecglobal.com
Best PTE tuition in Bharuch,eecglobal.com
Best Education consultant for Finland,eecglobal.com
"Best DSAT coaching in Nizampura, Vadodara",eecglobal.com
How to get admission for studying in Lithuania,eecglobal.com
Best study abroad consultant for United Kingdom,eecglobal.com
Best study abroad consultant for study in Ireland,eecglobal.com
"Best SAT tuition in Odhav, Ahmedabad",eecglobal.com
"Best D-SAT tuition in Nizampura, Vadodara",eecglobal.com
How to get admission for studying in Russia,eecglobal.com
"Best DSAT coaching in Memnagar, Ahmedabad",eecglobal.com
"Best SAT coaching in Vallabh Vidyanagar, Anand",eecglobal.com
"Best SAT tuition in Ghod Dod Road, Surat",eecglobal.com
Best eduction consultant for Lithuania,eecglobal.com
Best study abroad consultant for study in Russia,eecglobal.com
"Best PTE classes in Vallabh Vidyanagar, Anand",eecglobal.com
Best TOEFL tuition in Bharuch,eecglobal.com
Best SAT coaching in Anand,eecglobal.com
"Best D-SAT coaching in Maninagar, Ahmedabad",eecglobal.com
"Best IELTS classes in Chandkheda, Ahmedabad",eecglobal.com
Best Education consultant for study in Denmark,eecglobal.com
Best TOEFL tuition in Ahmedabad,eecglobal.com
"Best D-SAT tuition in Mota Varachha, Surat",eecglobal.com
"Best SAT coaching in Alkapuri, Vadodara",eecglobal.com
Best SAT classes in Nadiad,eecglobal.com
"Best GRE classes in Manjalpur, Vadodara",eecglobal.com
How to get visa for studying in Slovakia,eecglobal.com
"Best DSAT coaching in Ghod Dod Road, Surat",eecglobal.com
How to get visa for studying in Romania,eecglobal.com
Best Digital SAT classes in Himatnagar,eecglobal.com
"Best TOEFL coaching in Alkapuri, Vadodara",eecglobal.com
"Best PTE tuition in Memnagar, Ahmedabad",eecglobal.com
"Best IELTS classes in New Vip Road, Vadodara",eecglobal.com
"Best PTE tuition in Nikol, Ahmedabad",eecglobal.com
"Best D-SAT classes in Nikol, Ahmedabad",eecglobal.com
Best Education consultant for Netherlands,eecglobal.com
"Best IELTS tuition in Odhav, Ahmedabad",eecglobal.com
Best D-SAT tuition in Vadodara,eecglobal.com
"Best SAT coaching in Bapunagar, Ahmedabad",eecglobal.com
Best PTE tuition in Kalol,eecglobal.com
Best study abroad consultant for Czech Republic,eecglobal.com
"Best DSAT tuition in Manjalpur, Vadodara",eecglobal.com
"Best DSAT coaching in Vesu, Surat",eecglobal.com
"Best PTE coaching in Nizampura, Vadodara",eecglobal.com
Best PTE classes in Visnagar,eecglobal.com
"Best PTE classes in Maninagar, Ahmedabad",eecglobal.com
"Best TOEFL classes in Manjalpur, Vadodara",eecglobal.com
Best D-SAT tuition in Bharuch,eecglobal.com
"Best Digital SAT tuition in Bapunagar, Ahmedabad",eecglobal.com
Best Education consultant for study in Slovakia,eecglobal.com
"Best DSAT classes in Nizampura, Vadodara",eecglobal.com
"Best DSAT clasess in Alkapuri, Vadodara",eecglobal.com
"Best SAT tuition in Maninagar, Ahmedabad",eecglobal.com
Best GRE tuition in Visnagar,eecglobal.com
"Best IELTS tuition in Parvat Patia, Surat",eecglobal.com
Best TOEFL classes in Bharuch,eecglobal.com
"Best D-SAT classes in Odhav, Ahmedabad",eecglobal.com
Best Digital SAT tuition in Vadodara,eecglobal.com
"Best IELTS classes in Nikol, Ahmedabad",eecglobal.com
Best SAT tuition in Himatnagar,eecglobal.com
Best PTE tuition in India,eecglobal.com
Best Education consultant for study in Canada,eecglobal.com
Best DSAT classes in Surat,eecglobal.com
Best IELTS tuition in India,eecglobal.com
Best Education consultant for Switzerland,eecglobal.com
"Best Digital SAT tuition in Nizampura, Vadodara",eecglobal.com
Best Digital SAT coaching in Anand,eecglobal.com
"Best D-SAT tuition in Ghod Dod Road, Surat",eecglobal.com
"Best PTE tuition in Mota Varachha, Surat",eecglobal.com
"Best GRE coaching in Alkapuri, Vadodara",eecglobal.com
Best D-SAT classes in Himatnagar,eecglobal.com
"Best D-SAT coaching in Mota Varachha, Surat",eecglobal.com
"Best DSAT classes in Vesu, Surat",eecglobal.com
"Best IELTS tuition in Katargam, Surat",eecglobal.com
"Best SAT classes in Maninagar, Ahmedabad",eecglobal.com
Best study abroad consultant for study in Canada,eecglobal.com
"Best Digital SAT clasess in Bapunagar, Ahmedabad",eecglobal.com
"Best D-SAT coaching in Ghatlodiya, Ahmedabad",eecglobal.com
Best DSAT classes in Ahmedabad,eecglobal.com
"Best DSAT coaching in Mota Varachha, Surat",eecglobal.com
Best Education consultant for United Kingdom,eecglobal.com
"Best D-SAT tuition in Alkapuri, Vadodara",eecglobal.com
"Best D-SAT tuition in Odhav, Ahmedabad",eecglobal.com
Best IELTS classes in Mehsana,eecglobal.com
Best Education consultant for study in Germany,eecglobal.com
Best Education consultant for study in Greece,eecglobal.com
Best PTE coaching in Nadiad,eecglobal.com
Best PTE classes in Ahmedabad,eecglobal.com
Best IELTS tuition in Kalol,eecglobal.com
"Best IELTS tuition in Vallabh Vidyanagar, Anand",eecglobal.com
Best DSAT classes in Vapi,eecglobal.com
"Best DSAT clasess in Naroda, Ahmedabad",eecglobal.com
Best Education consultant for study in Czech Republic,eecglobal.com
"Best IELTS classes in Ghod Dod Road, Surat",eecglobal.com
Best Digital SAT tuition in Anand,eecglobal.com
"Best PTE classes in Parvat Patia, Surat",eecglobal.com
Best IELTS tuition in Ahmedabad,eecglobal.com
Best D-SAT coaching in Visnagar,eecglobal.com
Best GRE classes in Ahmedabad,eecglobal.com
Best study abroad consultant for study in France,eecglobal.com
"Best PTE coachin in Nikol, Ahmedabad",eecglobal.com
"Best D-SAT classes in Vallabh Vidyanagar, Anand",eecglobal.com
How to get visa for studying in Russia,eecglobal.com
"Best Digital SAT coching in Alkapuri, Vadodara",eecglobal.com
Best IELTS classes in Nadiad,eecglobal.com
"Best DSAT classes in Manjalpur, Vadodara",eecglobal.com
Best TOEFL tuition in Kalol,eecglobal.com
"Best PTE tuition in New Vip Road, Vadodara",eecglobal.com
"Best D-SAT classes in Manjalpur, Vadodara",eecglobal.com
"Best PTE tuition in Katargam, Surat",eecglobal.com
Best D-SAT tuition in India,eecglobal.com
"Best D-SAT classes in Katargam, Surat",eecglobal.com
"Best D-SAT classes in Ghatlodiya, Ahmedabad",eecglobal.com
"Best D-SAT coaching in Manjalpur, Vadodara",eecglobal.com
Best SAT coaching in Ahmedabad,eecglobal.com
"Best DSAT classes in Ghod Dod Road, Surat",eecglobal.com
"Best D-SAT coaching in Memnagar, Ahmedabad",eecglobal.com
Best Education consultant for Japan,eecglobal.com
"Best D-SAT coaching in Nizampura, Vadodara",eecglobal.com
Best study abroad consultant for New Zealand,eecglobal.com
Best DSAT classes in Himatnagar,eecglobal.com
Best Digital SAT coaching in Ahmedabad,eecglobal.com
"Best D-SAT classes in New Vip Road, Vadodara",eecglobal.com
Best study abroad consultant for Iceland,eecglobal.com
"Best TOEFL classes in Odhav, Ahmedabad",eecglobal.com
Best IELTS clasess in Surat,eecglobal.com
Best D-SAT classes in India,eecglobal.com
Best study abroad consultant for Italy,eecglobal.com
Best study abroad consultant for Spain,eecglobal.com
Best TOEFL tuition in Mehsana,eecglobal.com
"Best D-SAT tuition in Parvat Patia, Surat",eecglobal.com
"Best TOEFL classes in Memnagar, Ahmedabad",eecglobal.com
"Best GRE coaching in Katargam, Surat",eecglobal.com
"Best GRE classes in Vallabh Vidyanagar, Anand",eecglobal.com
"Best TOEFL tuition in Odhav, Ahmedabad",eecglobal.com
"Best TOEFL coaching in Mota Varachha, Surat",eecglobal.com
"Best GRE tuition in Memnagar, Ahmedabad",eecglobal.com
"Best TOEFL tuition in Bapunagar, Ahmedabad",eecglobal.com
Best study abroad consultant for study in Hungary,eecglobal.com
"Best D-SAT classes in Maninagar, Ahmedabad",eecglobal.com
Best study abroad consultant for study in Slovenia,eecglobal.com
"Best SAT classes in Parvat Patia, Surat",eecglobal.com
Best PTE classes in Anand,eecglobal.com
Best PTE classes in Nadiad,eecglobal.com
Best study abroad consultant for Hungary,eecglobal.com
"Best GRE coaching in Vallabh Vidyanagar, Anand",eecglobal.com
Best Education consultant for study in Cyprus,eecglobal.com
Best Digital SAT tuition in India,eecglobal.com
How to get visa for studying in Lithuania,eecglobal.com
"Best D-SAT clases in Parvat Patia, Surat",eecglobal.com
"Best Digital SAT tuition in Katargam, Surat",eecglobal.com
Best IELTS classes in Vapi,eecglobal.com
"Best TOEFL classes in Vesu, Surat",eecglobal.com
Best study abroad consultant for Slovakia,eecglobal.com
"Best PTE tuition in Odhav, Ahmedabad",eecglobal.com
"Best GRE tuition in Manjalpur, Vadodara",eecglobal.com
Best PTE tuition in Himatnagar,eecglobal.com
Best SAT classes in Himatnagar,eecglobal.com
Best PTE coaching in Visnagar,eecglobal.com
Best Education consultant for study in Australia,eecglobal.com
"Best DSAT coaching in Odhav, Ahmedabad",eecglobal.com
Best IELTS classes in Bharuch,eecglobal.com
"Best Digital SAT tuition in Naroda, Ahmedabad",eecglobal.com
Best DSAT coaching in Kalol,eecglobal.com
Best D-SAT coaching in Himatnagar,eecglobal.com
How to get admission for studying in Iceland,eecglobal.com
Best GRE tuition in Ahmedabad,eecglobal.com
"Best TOEFL coaching in Vesu, Surat",eecglobal.com
Best Education consultant for Malta,eecglobal.com
Best DSAT tuition in India,eecglobal.com
Best IELTS clasess in Kalol,eecglobal.com
"Best PTE classes in Ghatlodiya, Ahmedabad",eecglobal.com
"Best SAT tuition in Manjalpur, Vadodara",eecglobal.com
Best Education consultant for Australia,eecglobal.com
"Best DSAT classes in Bapunagar, Ahmedabad",eecglobal.com
"Best D-SAT tuition in Naroda, Ahmedabad",eecglobal.com
Best study abroad consultant for study in Belgium,eecglobal.com
Best TOEFL classes in Navsari,eecglobal.com
"Best PTE tuition in Vesu, Surat",eecglobal.com
"Best IELTS coaching in Odhav, Ahmedabad",eecglobal.com
How to get admission for studying in Switzerland,eecglobal.com
"Best TOEFL coaching in Odhav, Ahmedabad",eecglobal.com
How to get visa for studying in France,eecglobal.com
"Best DSAT tuition in Ghod Dod Road, Surat",eecglobal.com
Best D-SAT clases in Navsari,eecglobal.com
"Best SAT tuition in Nikol, Ahmedabad",eecglobal.com
Best DSAT coaching in Gujarat,eecglobal.com
"Best D-SAT coaching in Ghod Dod Road, Surat",eecglobal.com
"Best DSAT tuition in Bapunagar, Ahmedabad",eecglobal.com
Best D-SAT coaching in Surat,eecglobal.com
"Best PTE tuition in Alkapuri, Vadodara",eecglobal.com
How to get admission for studying in Hungary,eecglobal.com
Best IELTS classes in Navsari,eecglobal.com
How to get admission for studying in Luxembourg,eecglobal.com
"Best DSAT classes in Nikol, Ahmedabad",eecglobal.com
"Best IELTS coaching in Chandkheda, Ahmedabad",eecglobal.com
Best DSAT tuition in Gujarat,eecglobal.com
"Best IELTS tuition in Ghod Dod Road, Surat",eecglobal.com
"Best SAT classes in Bapunagar, Ahmedabad",eecglobal.com
Best Education consultant for Bulgaria,eecglobal.com
"Best DSAT coachin in Nikol, Ahmedabad",eecglobal.com
"Best IELTS classes in Mota Varachha, Surat",eecglobal.com
"Best PTE classes in Katargam, Surat",eecglobal.com
Best study abroad consultant for study in Cyprus,eecglobal.com
"Best SAT coaching in Vesu, Surat",eecglobal.com
Best Education consultant for Ireland,eecglobal.com
Best Digital SAT classes in Mehsana,eecglobal.com
"Best Digital SAT tuition in Alkapuri, Vadodara",eecglobal.com
"Best GRE tuition in Ghod Dod Road, Surat",eecglobal.com
Best SAT tuition in Bharuch,eecglobal.com
"Best Digital SAT classes in Nizampura, Vadodara",eecglobal.com
Best DSAT coaching in Nadiad,eecglobal.com
Best TOEFL tuition in Vadodara,eecglobal.com
"Best TOEFL classes in Chandkheda, Ahmedabad",eecglobal.com
How to get visa for studying in Estonia,eecglobal.com
Best SAT classes in Mehsana,eecglobal.com
Best Digital SAT coaching in Visnagar,eecglobal.com
How to get visa for studying in Malta,eecglobal.com
Best TOEFL coaching in Kalol,eecglobal.com
Best PTE tuition in Navsari,eecglobal.com
"Best PTE coaching in Parvat Patia, Surat",eecglobal.com
Best GRE classes in Nadiad,eecglobal.com
Best study abroad consultant for Austria,eecglobal.com
"Best TOEFL tuition in Vesu, Surat",eecglobal.com
Best study abroad consultant for Cyprus,eecglobal.com
"Best GRE coaching in Naroda, Ahmedabad",eecglobal.com
How to get visa for studying in USA,eecglobal.com
"Best PTE coaching in Maninagar, Ahmedabad",eecglobal.com
"Best GRE coching in Memnagar, Ahmedabad",eecglobal.com
Best IELTS coaching in Anand,eecglobal.com
"Best IELTS tusion in Naroda, Ahmedabad",eecglobal.com
Best D-SAT tuition in Nadiad,eecglobal.com
"Best DSAT coaching in Maninagar, Ahmedabad",eecglobal.com
"Best GRE tuition in Nizampura, Vadodara",eecglobal.com
Best IELTS tution in Vapi,eecglobal.com
Best PTE coaching in Himatnagar,eecglobal.com
"Best SAT coaching in Ghod Dod Road, Surat",eecglobal.com
Best Digital SAT tuition in Himatnagar,eecglobal.com
"Best Digital SAT coaching in Ghatlodiya, Ahmedabad",eecglobal.com
Best D-SAT coaching in India,eecglobal.com
How to get visa for studying in Croatia,eecglobal.com
"Best SAT coaching in Nikol, Ahmedabad",eecglobal.com
"Best PTE coaching in Manjalpur, Vadodara",eecglobal.com
"Best TOEFL coaching in Memnagar, Ahmedabad",eecglobal.com
"Best DSAT tuition in Naroda, Ahmedabad",eecglobal.com
"Best PTE classes in Nizampura, Vadodara",eecglobal.com
"Best TOEFL coaching in Maninagar, Ahmedabad",eecglobal.com
"Best Digital SAT tuition in Vesu, Surat",eecglobal.com
Best study aboad consultant for Ireland,eecglobal.com
Best GRE coaching in Mehsana,eecglobal.com
"Best GRE classes in Bapunagar, Ahmedabad",eecglobal.com
"Best DSAT tusion in Parvat Patia, Surat",eecglobal.com
Best DSAT classes in Vadodara,eecglobal.com
PTE voucher online India,ptetestindia.com
buy PTE voucher,ptetestindia.com
cheapest PTE voucher,ptetestindia.com
PTE voucher discount code,ptetestindia.com
official PTE voucher,ptetestindia.com
PTE exam voucher price,ptetestindia.com
PTE test voucher 2026,ptetestindia.com
PTE voucher discount,ptetestindia.com
best price PTE voucher India,ptetestindia.com
PTE voucher instant delivery,ptetestindia.com
genuine PTE voucher,ptetestindia.com
authorized PTE voucher seller,ptetestindia.com
PTE voucher code free,ptetestindia.com
how to buy PTE voucher,ptetestindia.com
where to buy PTE voucher in India,ptetestindia.com
PTE exam,ptetestindia.com
PTE test booking India,ptetestindia.com
book PTE exam online,ptetestindia.com
PTE test centers India,ptetestindia.com
PTE exam fees India 2026,ptetestindia.com
PTE test dates available,ptetestindia.com
PTE registration process,ptetestindia.com
PTE exam pattern 2026,ptetestindia.com
PTE vs IELTS,ptetestindia.com
PTE Core vs PTE,ptetestindia.com
PTE exam eligibility,ptetestindia.com
PTE test duration,ptetestindia.com
PTE scoring system,ptetestindia.com
PTE results timeline,ptetestindia.com
PTE practice test free,ptetestindia.com
PTE mock test online,ptetestindia.com
PTE practice software,ptetestindia.com
PTE preparation material,ptetestindia.com
best PTE coaching,ptetestindia.com
PTE study material free,ptetestindia.com
PTE speaking practice,ptetestindia.com
PTE writing templates,ptetestindia.com
PTE reading tips,ptetestindia.com
PTE listening strategies,ptetestindia.com
PTE AI scoring,ptetestindia.com
PTE full mock test,ptetestindia.com
PTE sectional test,ptetestindia.com
PTE question bank,ptetestindia.com
PTE sample questions 2026,ptetestindia.com
PTE preparation online course,ptetestindia.com
Australia PR through PTE,ptetestindia.com
PTE score for Australia PR,ptetestindia.com
minimum PTE score for Australia,ptetestindia.com
Australia skilled migration 2026,ptetestindia.com
Australia subclass 189 visa,ptetestindia.com
Australia subclass 190 visa,ptetestindia.com
Australia subclass 491 visa,ptetestindia.com
Australia immigration points calculator,ptetestindia.com
skilled independent visa Australia,ptetestindia.com
state sponsored visa Australia,ptetestindia.com
regional sponsored migration,ptetestindia.com
Australia PR process 2026,ptetestindia.com
how to immigrate to Australia,ptetestindia.com
Australia permanent residency requirements,ptetestindia.com
PTE for Canada PR,ptetestindia.com
Canada Express Entry PTE score,ptetestindia.com
minimum PTE score for Canada,ptetestindia.com
PTE accepted in Canada 2026,ptetestindia.com
Canada immigration through PTE,ptetestindia.com
Provincial Nominee Program Canada,ptetestindia.com
Canada skilled worker visa,ptetestindia.com
PTE score for Canada student visa,ptetestindia.com
study in Canada with PTE,ptetestindia.com
work permit Canada PTE requirement,ptetestindia.com
PTE for UK visa,ptetestindia.com
UK student visa PTE score,ptetestindia.com
New Zealand immigration PTE,ptetestindia.com
PTE score for NZ PR,ptetestindia.com
study in UK with PTE,ptetestindia.com
work visa UK PTE requirement,ptetestindia.com
New Zealand skilled migrant category,ptetestindia.com
PTE accepted universities UK,ptetestindia.com
Student visa tier 4 PTE score,ptetestindia.com
New Zealand points based system,ptetestindia.com
PTE test center Delhi,ptetestindia.com
PTE exam in Mumbai,ptetestindia.com
PTE booking Bangalore,ptetestindia.com
PTE test Hyderabad,ptetestindia.com
PTE center Chennai,ptetestindia.com
book PTE exam Pune,ptetestindia.com
PTE test Ahmedabad,ptetestindia.com
PTE in Kolkata,ptetestindia.com
PTE Chandigarh booking,ptetestindia.com
PTE test centers near me,ptetestindia.com
PTE coaching Delhi,ptetestindia.com
PTE preparation Mumbai,ptetestindia.com
PTE classes Bangalore,ptetestindia.com
how to book PTE exam in India 2026,ptetestindia.com
what is the cheapest way to buy PTE voucher,ptetestindia.com
difference between PTE and PTE Core explained,ptetestindia.com
step by step guide to Australia PR through PTE,ptetestindia.com
minimum PTE score required for Australia subclass 189 visa,ptetestindia.com
best PTE preparation software with AI scoring,ptetestindia.com
how long does it take to get PTE results,ptetestindia.com
can I use PTE score for both study and immigration,ptetestindia.com
what is the validity of PTE score,ptetestindia.com
how much does PTE exam cost in India,ptetestindia.com
where can I practice PTE mock tests for free,ptetestindia.com
is PTE easier than IELTS for immigration,ptetestindia.com
how to improve PTE speaking score quickly,ptetestindia.com
what are the benefits of buying PTE voucher online,ptetestindia.com
which Australian cities accept PTE for state sponsorship,ptetestindia.com
complete guide to using PTE voucher code for exam booking,ptetestindia.com
comparison between IELTS and PTE for Canada Express Entry,ptetestindia.com
how to prepare for PTE exam in 30 days,ptetestindia.com
what score in PTE is equivalent to 8 bands in IELTS,ptetestindia.com
best coaching centers for PTE preparation in India 2026,ptetestindia.com
PTE voucher,ptetestindia.com
Pearson PTE voucher,ptetestindia.com
PTE exam voucher India,ptetestindia.com
PTE test booking,ptetestindia.com
PTE online,ptetestindia.com
PTE mock test,ptetestindia.com
PTE practice test,ptetestindia.com
PTE software India,ptetestindia.com
PTE registration,ptetestindia.com
PTE Delhi,ptetestindia.com
PTE Mumbai,ptetestindia.com
PTE Bangalore,ptetestindia.com
PTE Hyderabad,ptetestindia.com
PTE Chennai,ptetestindia.com
PTE Pune,ptetestindia.com
PTE Ahmedabad,ptetestindia.com
PTE Kolkata,ptetestindia.com
Australia immigration PTE,ptetestindia.com
Canada immigration PTE,ptetestindia.com
UK immigration PTE,ptetestindia.com
New Zealand PTE,ptetestindia.com
air hostess academy in Gujarat,winginstitute.com
air hostess academy in Vadodara contact number,winginstitute.com
air hostess college in Surat,winginstitute.com
air hostess course admission last date,winginstitute.com
air hostess course admission process 2026,winginstitute.com
air hostess course age limit relaxation,winginstitute.com
air hostess course certification government,winginstitute.com
air hostess course details in Gujarati,winginstitute.com
air hostess course fees for middle class,winginstitute.com
air hostess course fees with hostel facility,winginstitute.com
air hostess course subjects and exams,winginstitute.com
air hostess course syllabus and subjects list,winginstitute.com
air hostess grooming and personality development course,winginstitute.com
air hostess institute in Ahmedabad,winginstitute.com
air hostess interview in Gujarat,winginstitute.com
air hostess interview questions and answers 2025,winginstitute.com
air hostess job after marriage,winginstitute.com
air hostess job security and benefits,winginstitute.com
air hostess job vacancy for freshers in Gujarat,winginstitute.com
air hostess job work profile and timings,winginstitute.com
air hostess salary in Gujarat,winginstitute.com
air hostess salary in India for freshers 2025,winginstitute.com
air hostess salary in SpiceJet vs Indigo,winginstitute.com
air hostess salary in Vadodara,winginstitute.com
air hostess training center in Vadodara,winginstitute.com
air hostess training certificate value,winginstitute.com
air hostess training course fees in Vadodara,winginstitute.com
air hostess training duration in Gujarat,winginstitute.com
air hostess training fees in Ahmedabad,winginstitute.com
air hostess training in Vadodara,winginstitute.com
air hostess training institute franchise,winginstitute.com
air hostess training institute in Surat,winginstitute.com
air hostess training institute near Alkapuri Vadodara 18,winginstitute.com
air hostess training institute near me with fees,winginstitute.com
air hostess training institute near race course road,winginstitute.com
air hostess training institute near railway station,winginstitute.com
air hostess training institute placement guarantee,winginstitute.com
air hostess training institute with low fees,winginstitute.com
air hostess training practical classes,winginstitute.com
air hostess training with placement in Gujarat,winginstitute.com
air hostess vacancy in Gujarat,winginstitute.com
air ticketing course,winginstitute.com
air ticketing course fees,winginstitute.com
airline ticketing jobs,winginstitute.com
airport ground staff course fees in Vadodara,winginstitute.com
airport ground staff course in Rajkot,winginstitute.com
airport ground staff jobs in Ahmedabad,winginstitute.com
airport ground staff training in Surat,winginstitute.com
airport jobs in Rajkot,winginstitute.com
airport jobs in Surat,winginstitute.com
airport jobs in Vadodara for freshers,winginstitute.com
airport management colleges in Ahmedabad,winginstitute.com
airport management course eligibility Gujarat,winginstitute.com
airport management course in Surat,winginstitute.com
airport management institute in Vadodara,winginstitute.com
airport management salary in Gujarat,winginstitute.com
Amadeus course,winginstitute.com
aviation academy admission form online,winginstitute.com
aviation academy admission Gujarat,winginstitute.com
aviation academy in Anand,winginstitute.com
aviation academy in Bharuch,winginstitute.com
aviation academy near me Gujarat,winginstitute.com
aviation academy reviews Gujarat,winginstitute.com
aviation academy vadodara admission 2026,winginstitute.com
aviation academy vadodara placement list,winginstitute.com
aviation academy with 100% placement in India,winginstitute.com
aviation academy with mock aircraft training 1,winginstitute.com
aviation career counseling in Vadodara,winginstitute.com
aviation career in Gujarat,winginstitute.com
aviation colleges in Gandhinagar,winginstitute.com
aviation course fees in Gujarat,winginstitute.com
aviation course fees loan availability,winginstitute.com
aviation courses after 12th arts with high salary,winginstitute.com
aviation courses after 12th in Gujarat,winginstitute.com
aviation courses after 12th science non medical,winginstitute.com
aviation courses for 10th pass students,winginstitute.com
aviation courses for girls after 10th,winginstitute.com
aviation courses for girls in Gujarat,winginstitute.com
aviation courses for undergraduates,winginstitute.com
aviation courses for working professionals,winginstitute.com
aviation courses in Gujarat,winginstitute.com
aviation courses in Surat,winginstitute.com
aviation courses list Gujarat,winginstitute.com
aviation courses online Gujarat,winginstitute.com
aviation courses with internship in airport,winginstitute.com
aviation diploma in Gujarat,winginstitute.com
aviation diploma vs degree which is better,winginstitute.com
aviation hospitality and travel management syllabus,winginstitute.com
aviation industry growth in India 2025,winginstitute.com
aviation industry jobs for commerce students,winginstitute.com
aviation institute contact number Gujarat,winginstitute.com
aviation institute in Rajkot,winginstitute.com
aviation institute with airbus mock training,winginstitute.com
aviation institutes in Gujarat with placement,winginstitute.com
aviation institutes in Vadodara list,winginstitute.com
aviation institutes offering scholarships in Gujarat,winginstitute.com
aviation jobs in Gujarat,winginstitute.com
aviation management career options in India,winginstitute.com
aviation placement in Gujarat,winginstitute.com
aviation safety and emergency procedures training,winginstitute.com
aviation training institute in Gandhinagar,winginstitute.com
beauty and wellness course,winginstitute.com
beauty courses fees,winginstitute.com
beauty courses in Vadodara,winginstitute.com
beauty culture course,winginstitute.com
beauty parlor course,winginstitute.com
beauty parlour course details,winginstitute.com
best air hostess training institute in India ranking,winginstitute.com
best aviation academy in Gujarat,winginstitute.com
best aviation college in Vadodara,winginstitute.com
best aviation courses for high salary,winginstitute.com
best aviation institute in Ahmedabad,winginstitute.com
best aviation institute in Vadodara for placement,winginstitute.com
best cabin crew training institute in Gujarat,winginstitute.com
best flying club in Gujarat,winginstitute.com
best ground staff training in Gujarat,winginstitute.com
best hotel management college in Vadodara,winginstitute.com
best hotel management institute,winginstitute.com
best institute for flight steward in Gujarat,winginstitute.com
best pilot training institute in Gujarat,winginstitute.com
best tourism colleges,winginstitute.com
cabin crew academy in Surat,winginstitute.com
cabin crew course duration 6 months vs 1 year,winginstitute.com
cabin crew course eligibility for female,winginstitute.com
cabin crew course fees in government colleges,winginstitute.com
cabin crew course fees in Gujarat,winginstitute.com
cabin crew course fees installment options,winginstitute.com
cabin crew course with english speaking,winginstitute.com
cabin crew height and weight requirements India,winginstitute.com
cabin crew institute in Rajkot,winginstitute.com
cabin crew interview dress code female,winginstitute.com
cabin crew job apply online 2025,winginstitute.com
cabin crew job requirements for male,winginstitute.com
cabin crew jobs in Ahmedabad,winginstitute.com
cabin crew medical test requirements DGCA,winginstitute.com
cabin crew salary in Emirates for Indian freshers,winginstitute.com
cabin crew salary in Gujarat,winginstitute.com
cabin crew salary in Vistara airline,winginstitute.com
cabin crew skills required for resume,winginstitute.com
cabin crew training for male candidates in India,winginstitute.com
cabin crew training in Ahmedabad,winginstitute.com
cabin crew training institute admission criteria,winginstitute.com
cabin crew training institute contact details,winginstitute.com
cabin crew training institute fees structure,winginstitute.com
cabin crew training institute placement record,winginstitute.com
cabin crew training institute ranking 2025,winginstitute.com
cabin crew training institute reviews Vadodara,winginstitute.com
cabin crew training with swimming classes,winginstitute.com
career in aviation industry after graduation,winginstitute.com
cosmetology courses,winginstitute.com
CRS training,winginstitute.com
difference between cabin crew and ground staff,winginstitute.com
diploma in air ticketing,winginstitute.com
diploma in aviation hospitality and travel management,winginstitute.com
diploma in cosmetology,winginstitute.com
diploma in food production,winginstitute.com
diploma in tourism,winginstitute.com
diploma in travel management,winginstitute.com
flight attendant age limit for freshers,winginstitute.com
flight attendant course duration and subjects,winginstitute.com
flight attendant course for 12th pass,winginstitute.com
flight attendant job vacancies in Ahmedabad,winginstitute.com
flight attendant training cost in Gujarat,winginstitute.com
flight attendant training institute in Rajkot,winginstitute.com
flight attendant training institute reviews,winginstitute.com
flight steward salary in India domestic airlines,winginstitute.com
Frankfinn vs Wings Institute Vadodara reviews,winginstitute.com
Galileo training,winginstitute.com
government aviation colleges in India for cabin crew,winginstitute.com
grooming classes,winginstitute.com
ground staff course details in Gujarat,winginstitute.com
ground staff course in Gujarat,winginstitute.com
ground staff institute in Surat,winginstitute.com
ground staff jobs in Vadodara airport,winginstitute.com
ground staff requirements in Gujarat,winginstitute.com
ground staff salary in Gujarat,winginstitute.com
ground staff training in Vadodara,winginstitute.com
ground staff training institute in Ahmedabad,winginstitute.com
ground staff vacancy in Gujarat,winginstitute.com
hair styling course,winginstitute.com
hospitality courses in Vadodara,winginstitute.com
hospitality diploma in Gujarat,winginstitute.com
hospitality industry in Gujarat,winginstitute.com
hospitality jobs in Gujarat,winginstitute.com
hospitality management admission,winginstitute.com
hospitality management colleges in Ahmedabad,winginstitute.com
hospitality management courses in Gujarat,winginstitute.com
hospitality management courses online,winginstitute.com
hospitality management degree in Gujarat,winginstitute.com
hospitality management diploma,winginstitute.com
hospitality management fees,winginstitute.com
hospitality management institutes,winginstitute.com
hospitality management internship,winginstitute.com
hospitality management scope,winginstitute.com
hospitality training in Vadodara,winginstitute.com
hotel management admission Gujarat,winginstitute.com
hotel management admission process,winginstitute.com
hotel management after graduation,winginstitute.com
hotel management career growth,winginstitute.com
hotel management college admission,winginstitute.com
hotel management college fees in Ahmedabad,winginstitute.com
hotel management college fees structure,winginstitute.com
hotel management college list,winginstitute.com
hotel management colleges in Vadodara,winginstitute.com
hotel management course 1 year,winginstitute.com
hotel management course after 10th in Gujarat,winginstitute.com
hotel management course duration in Gujarat,winginstitute.com
hotel management course fees in Surat,winginstitute.com
hotel management course fees in Vadodara,winginstitute.com
hotel management course government,winginstitute.com
hotel management course near me,winginstitute.com
hotel management course salary,winginstitute.com
hotel management course subjects,winginstitute.com
hotel management eligibility 12th,winginstitute.com
hotel management entrance exam Gujarat,winginstitute.com
hotel management entrance syllabus,winginstitute.com
hotel management exam,winginstitute.com
hotel management fees in government,winginstitute.com
hotel management fees in Gujarat,winginstitute.com
hotel management government colleges in Gujarat,winginstitute.com
hotel management in Baroda,winginstitute.com
hotel management institute in Surat,winginstitute.com
hotel management institute near me,winginstitute.com
hotel management internship in Gujarat,winginstitute.com
hotel management jobs salary,winginstitute.com
hotel management placement in Gujarat,winginstitute.com
hotel management placement packages,winginstitute.com
hotel management salary freshers,winginstitute.com
hotel management syllabus Gujarat University,winginstitute.com
hotel management top colleges,winginstitute.com
hotel management top colleges in Gujarat,winginstitute.com
how to apply for air hostess job in Indigo,winginstitute.com
how to become a cabin crew after 12th arts,winginstitute.com
how to crack cabin crew interview first attempt,winginstitute.com
how to join international airlines from India,winginstitute.com
IATA authorized center,winginstitute.com
IATA certification,winginstitute.com
IATA course,winginstitute.com
IATA course duration,winginstitute.com
IATA course eligibility,winginstitute.com
IATA course fees,winginstitute.com
IATA course syllabus,winginstitute.com
IATA foundation course,winginstitute.com
image consultant course,winginstitute.com
Indigo airlines cabin crew interview process,winginstitute.com
international airline cabin crew salary India,winginstitute.com
makeup academy,winginstitute.com
makeup artist course,winginstitute.com
makeup artist fees,winginstitute.com
makeup course duration,winginstitute.com
part-time aviation courses in Vadodara,winginstitute.com
personal grooming classes,winginstitute.com
personality development course,winginstitute.com
pilot license cost in Gujarat,winginstitute.com
pilot training admission Gujarat,winginstitute.com
pilot training center in Ahmedabad,winginstitute.com
pilot training cost in Gujarat,winginstitute.com
pilot training eligibility in Gujarat,winginstitute.com
pilot training fees in Vadodara,winginstitute.com
pilot training in Gujarat,winginstitute.com
pilot training scholarship Gujarat,winginstitute.com
pilot training school in Gujarat,winginstitute.com
professional makeup course,winginstitute.com
self grooming course,winginstitute.com
skin care course,winginstitute.com
ticketing and reservation,winginstitute.com
tourism colleges India,winginstitute.com
tourism course after graduation,winginstitute.com
tourism courses after 12th,winginstitute.com
tourism degree,winginstitute.com
tourism jobs India,winginstitute.com
tourism management,winginstitute.com
tourism management admission,winginstitute.com
tourism management career,winginstitute.com
tourism management colleges fees,winginstitute.com
tourism management course details,winginstitute.com
tourism management course fees,winginstitute.com
tourism management fees,winginstitute.com
tourism management institute,winginstitute.com
tourism management jobs,winginstitute.com
tourism management online,winginstitute.com
tourism management placement,winginstitute.com
tourism management salary,winginstitute.com
tourism management scope in India,winginstitute.com
tourism management syllabus,winginstitute.com
travel agency course,winginstitute.com
travel agency course fees,winginstitute.com
travel agency franchise,winginstitute.com
travel agency management,winginstitute.com
travel agency operations,winginstitute.com
travel agent certification,winginstitute.com
travel agent salary,winginstitute.com
travel agent training,winginstitute.com
travel and tourism admission,winginstitute.com
travel and tourism books,winginstitute.com
travel and tourism career,winginstitute.com
travel and tourism certificate,winginstitute.com
travel and tourism colleges,winginstitute.com
travel and tourism colleges India,winginstitute.com
travel and tourism course,winginstitute.com
travel and tourism course in Vadodara,winginstitute.com
travel and tourism course near me,winginstitute.com
travel and tourism course online free,winginstitute.com
travel and tourism diploma,winginstitute.com
travel and tourism diploma fees,winginstitute.com
travel and tourism eligibility,winginstitute.com
travel and tourism fees,winginstitute.com
travel and tourism institute,winginstitute.com
travel and tourism institute near me,winginstitute.com
travel and tourism internship,winginstitute.com
travel and tourism job vacancy,winginstitute.com
travel and tourism jobs,winginstitute.com
travel and tourism placement,winginstitute.com
travel and tourism project,winginstitute.com
travel and tourism salary,winginstitute.com
travel and tourism scope,winginstitute.com
travel and tourism subjects,winginstitute.com
travel and tourism syllabus,winginstitute.com
travel business course,winginstitute.com
travel consultant course,winginstitute.com
travel consultant jobs,winginstitute.com
travel courses details,winginstitute.com
travel courses online,winginstitute.com
travel industry jobs,winginstitute.com
travel management course,winginstitute.com
travel software training,winginstitute.com
wings institute hotel management,winginstitute.com
wings institute travel tourism,winginstitute.com
wings institute vadodara course fees,winginstitute.com
