Keyword,Category
PTE voucher online India,PTE Voucher
buy PTE voucher,PTE Voucher
cheapest PTE voucher,PTE Voucher
PTE voucher discount code,PTE Voucher
official PTE voucher,PTE Voucher
PTE exam voucher price,PTE Voucher
PTE test voucher 2026,PTE Voucher
PTE voucher discount,PTE Voucher
best price PTE voucher India,PTE Voucher
PTE voucher instant delivery,PTE Voucher
genuine PTE voucher,PTE Voucher
authorized PTE voucher seller,PTE Voucher
PTE voucher code free,PTE Voucher
how to buy PTE voucher,PTE Voucher
where to buy PTE voucher in India,PTE Voucher
PTE exam,PTE Exam
PTE test booking India,PTE Exam
book PTE exam online,PTE Exam
PTE test centers India,PTE Exam
PTE exam fees India 2026,PTE Exam
PTE test dates available,PTE Exam
PTE registration process,PTE Exam
PTE exam pattern 2026,PTE Exam
PTE vs IELTS,PTE Exam
PTE Core vs PTE,PTE Exam
PTE exam eligibility,PTE Exam
PTE test duration,PTE Exam
PTE scoring system,PTE Exam
PTE results timeline,PTE Exam
PTE practice test free,PTE Exam
PTE mock test online,PTE Preparation
PTE practice software,PTE Preparation
PTE preparation material,PTE Preparation
best PTE coaching,PTE Preparation
PTE study material free,PTE Preparation
PTE speaking practice,PTE Preparation
PTE writing templates,PTE Preparation
PTE reading tips,PTE Preparation
PTE listening strategies,PTE Preparation
PTE AI scoring,PTE Preparation
PTE full mock test,PTE Preparation
PTE sectional test,PTE Preparation
PTE question bank,PTE Preparation
PTE sample questions 2026,PTE Preparation
PTE preparation online course,PTE Preparation
Australia PR through PTE,Australia Immigration
PTE score for Australia PR,Australia Immigration
minimum PTE score for Australia,Australia Immigration
Australia skilled migration 2026,Australia Immigration
Australia subclass 189 visa,Australia Immigration
Australia subclass 190 visa,Australia Immigration
Australia subclass 491 visa,Australia Immigration
Australia immigration points calculator,Australia Immigration
skilled independent visa Australia,Australia Immigration
state sponsored visa Australia,Australia Immigration
regional sponsored migration,Australia Immigration
Australia PR process 2026,Australia Immigration
how to immigrate to Australia,Australia Immigration
Australia permanent residency requirements,Australia Immigration
PTE for Canada PR,Canada Immigration
Canada Express Entry PTE score,Canada Immigration
minimum PTE score for Canada,Canada Immigration
PTE accepted in Canada 2026,Canada Immigration
Canada immigration through PTE,Canada Immigration
Provincial Nominee Program Canada,Canada Immigration
Canada skilled worker visa,Canada Immigration
PTE score for Canada student visa,Canada Immigration
study in Canada with PTE,Canada Immigration
work permit Canada PTE requirement,Canada Immigration
PTE for UK visa,UK & New Zealand
UK student visa PTE score,UK & New Zealand
New Zealand immigration PTE,UK & New Zealand
PTE score for NZ PR,UK & New Zealand
study in UK with PTE,UK & New Zealand
work visa UK PTE requirement,UK & New Zealand
New Zealand skilled migrant category,UK & New Zealand
PTE accepted universities UK,UK & New Zealand
Student visa tier 4 PTE score,UK & New Zealand
New Zealand points based system,UK & New Zealand
PTE test center Delhi,City-Specific (India)
PTE exam in Mumbai,City-Specific (India)
PTE booking Bangalore,City-Specific (India)
PTE test Hyderabad,City-Specific (India)
PTE center Chennai,City-Specific (India)
book PTE exam Pune,City-Specific (India)
PTE test Ahmedabad,City-Specific (India)
PTE in Kolkata,City-Specific (India)
PTE Chandigarh booking,City-Specific (India)
PTE test centers near me,City-Specific (India)
PTE coaching Delhi,City-Specific (India)
PTE preparation Mumbai,City-Specific (India)
PTE classes Bangalore,City-Specific (India)
how to book PTE exam in India 2026,Long-form Search Phrases
what is the cheapest way to buy PTE voucher,Long-form Search Phrases
difference between PTE and PTE Core explained,Long-form Search Phrases
step by step guide to Australia PR through PTE,Long-form Search Phrases
minimum PTE score required for Australia subclass 189 visa,Long-form Search Phrases
best PTE preparation software with AI scoring,Long-form Search Phrases
how long does it take to get PTE results,Long-form Search Phrases
can I use PTE score for both study and immigration,Long-form Search Phrases
what is the validity of PTE score,Long-form Search Phrases
how much does PTE exam cost in India,Long-form Search Phrases
where can I practice PTE mock tests for free,Long-form Search Phrases
is PTE easier than IELTS for immigration,Long-form Search Phrases
how to improve PTE speaking score quickly,Long-form Search Phrases
what are the benefits of buying PTE voucher online,Long-form Search Phrases
which Australian cities accept PTE for state sponsorship,Long-form Search Phrases
complete guide to using PTE voucher code for exam booking,Long-form Search Phrases
comparison between IELTS and PTE for Canada Express Entry,Long-form Search Phrases
how to prepare for PTE exam in 30 days,Long-form Search Phrases
what score in PTE is equivalent to 8 bands in IELTS,Long-form Search Phrases
best coaching centers for PTE preparation in India 2026,Long-form Search Phrases
PTE voucher,General
Pearson PTE voucher,General
PTE exam voucher India,General
PTE test booking,General
PTE online,General
PTE mock test,General
PTE practice test,General
PTE software India,General
PTE registration,General
PTE Delhi,General
PTE Mumbai,General
PTE Bangalore,General
PTE Hyderabad,General
PTE Chennai,General
PTE Pune,General
PTE Ahmedabad,General
PTE Kolkata,General
Australia immigration PTE,General
Canada immigration PTE,General
UK immigration PTE,General
New Zealand PTE,General